-- ====================================
-- INSERT TABELA DE ESTADO
-- ====================================
INSERT INTO tb_estado (sigla, nome)
VALUES ('RJ', 'Rio de Janeiro');

-- ====================================
-- INSERT TABELA DE MUNICIPIO
-- ====================================
INSERT INTO tb_municipio (id, estado, nome, regiao_intermediaria)
VALUES
(1,'RJ', 'Angra dos Reis',                  'Rio de Janeiro'),
(2,'RJ', 'Aperibé',                         'Campos dos Goytacazes'),
(3,'RJ', 'Araruama',                        'Macaé-Rio das Ostras-Cabo Frio'),
(4,'RJ', 'Areal',                           'Petrópolis'),
(5,'RJ', 'Armação dos Búzios',              'Macaé-Rio das Ostras-Cabo Frio'),
(6,'RJ', 'Arraial do Cabo',                 'Macaé-Rio das Ostras-Cabo Frio'),
(7,'RJ', 'Barra Mansa',                     'Volta Redonda-Barra Mansa'),
(8,'RJ', 'Barra do Piraí',                  'Volta Redonda-Barra Mansa'),
(9,'RJ', 'Belford Roxo',                    'Rio de Janeiro'),
(10,'RJ', 'Bom Jardim',                     'Petrópolis'),
(11,'RJ', 'Bom Jesus do Itabapoana',        'Campos dos Goytacazes'),
(12,'RJ', 'Cabo Frio',                      'Macaé-Rio das Ostras-Cabo Frio'),
(13,'RJ', 'Cachoeiras de Macacu',           'Rio de Janeiro'),
(14,'RJ', 'Cambuci',                        'Campos dos Goytacazes'),
(15,'RJ', 'Campos dos Goytacazes',          'Campos dos Goytacazes'),
(16,'RJ', 'Cantagalo',                      'Petrópolis'),
(17,'RJ', 'Carapebus',                      'Macaé-Rio das Ostras-Cabo Frio'),
(18,'RJ', 'Cardoso Moreira',                'Campos dos Goytacazes'),
(19,'RJ', 'Carmo',                          'Petrópolis'),
(20,'RJ', 'Casimiro de Abreu',              'Macaé-Rio das Ostras-Cabo Frio'),
(21,'RJ', 'Comendador Levy Gasparian',      'Petrópolis'),
(22,'RJ', 'Conceição de Macabu',            'Macaé-Rio das Ostras-Cabo Frio'),
(23,'RJ', 'Cordeiro',                       'Petrópolis'),
(24,'RJ', 'Duas Barras',                    'Petrópolis'),
(25,'RJ', 'Duque de Caxias',                'Rio de Janeiro'),
(26,'RJ', 'Engenheiro Paulo de Frontin',    'Volta Redonda-Barra Mansa'),
(27,'RJ', 'Guapimirim',                     'Rio de Janeiro'),
(28,'RJ', 'Iguaba Grande',                  'Macaé-Rio das Ostras-Cabo Frio'),
(29,'RJ', 'Itaboraí',                       'Rio de Janeiro'),
(30,'RJ', 'Itaguaí',                        'Rio de Janeiro'),
(31,'RJ', 'Italva',                         'Campos dos Goytacazes'),
(32,'RJ', 'Itaocara',                       'Campos dos Goytacazes'),
(33,'RJ', 'Itaperuna',                      'Campos dos Goytacazes'),
(34,'RJ', 'Itatiaia',                       'Volta Redonda-Barra Mansa'),
(35,'RJ', 'Japeri',                         'Rio de Janeiro'),
(36,'RJ', 'Laje do Muriaé',                 'Campos dos Goytacazes'),
(37,'RJ', 'Macaé',                          'Macaé-Rio das Ostras-Cabo Frio'),
(38,'RJ', 'Macuco',                         'Petrópolis'),
(39,'RJ', 'Magé',                           'Rio de Janeiro'),
(40,'RJ', 'Mangaratiba',                    'Rio de Janeiro'),
(41,'RJ', 'Maricá',                         'Rio de Janeiro'),
(42,'RJ', 'Mendes',                         'Volta Redonda-Barra Mansa'),
(43,'RJ', 'Mesquita',                       'Rio de Janeiro'),
(44,'RJ', 'Miguel Pereira',                 'Volta Redonda-Barra Mansa'),
(45,'RJ', 'Miracema',                       'Campos dos Goytacazes'),
(46,'RJ', 'Natividade',                     'Campos dos Goytacazes'),
(47,'RJ', 'Nilópolis',                      'Rio de Janeiro'),
(48,'RJ', 'Niterói',                        'Rio de Janeiro'),
(49,'RJ', 'Nova Friburgo',                  'Petrópolis'),
(50,'RJ', 'Nova Iguaçu',                    'Rio de Janeiro'),
(51,'RJ', 'Paracambi',                      'Rio de Janeiro'),
(52,'RJ', 'Paraty',                         'Rio de Janeiro'),
(53,'RJ', 'Paraíba do Sul',                 'Petrópolis'),
(54,'RJ', 'Paty do Alferes',                'Volta Redonda-Barra Mansa'),
(55,'RJ', 'Petrópolis',                     'Petrópolis'),
(56,'RJ', 'Pinheiral',                      'Volta Redonda-Barra Mansa'),
(57,'RJ', 'Piraí',                          'Volta Redonda-Barra Mansa'),
(58,'RJ', 'Porciúncula',                    'Campos dos Goytacazes'),
(59,'RJ', 'Porto Real',                     'Volta Redonda-Barra Mansa'),
(60,'RJ', 'Quatis',                         'Volta Redonda-Barra Mansa'),
(61,'RJ', 'Queimados',                      'Rio de Janeiro'),
(62,'RJ', 'Quissamã',                       'Macaé-Rio das Ostras-Cabo Frio'),
(63,'RJ', 'Resende',                        'Volta Redonda-Barra Mansa'),
(64,'RJ', 'Rio Bonito',                     'Rio de Janeiro'),
(65,'RJ', 'Rio Claro',                      'Volta Redonda-Barra Mansa'),
(66,'RJ', 'Rio das Flores',                 'Volta Redonda-Barra Mansa'),
(67,'RJ', 'Rio das Ostras',                 'Macaé-Rio das Ostras-Cabo Frio'),
(68,'RJ', 'Rio de Janeiro',                 'Rio de Janeiro'),
(69,'RJ', 'Santa Maria Madalena',           'Petrópolis'),
(70,'RJ', 'Santo Antônio de Pádua',         'Campos dos Goytacazes'),
(71,'RJ', 'Sapucaia',                       'Petrópolis'),
(72,'RJ', 'Saquarema',                      'Rio de Janeiro'),
(73,'RJ', 'Seropédica',                     'Rio de Janeiro'),
(74,'RJ', 'Silva Jardim',                   'Rio de Janeiro'),
(75,'RJ', 'Sumidouro',                      'Petrópolis'),
(76,'RJ', 'São Fidélis',                    'Campos dos Goytacazes'),
(77,'RJ', 'São Francisco de Itabapoana',    'Campos dos Goytacazes'),
(78,'RJ', 'São Gonçalo',                    'Rio de Janeiro'),
(79,'RJ', 'São José de Ubá',                'Campos dos Goytacazes'),
(80,'RJ', 'São José do Vale do Rio Preto',  'Petrópolis'),
(81,'RJ', 'São João da Barra',              'Campos dos Goytacazes'),
(82,'RJ', 'São João de Meriti',             'Rio de Janeiro'),
(83,'RJ', 'São Pedro da Aldeia',            'Macaé-Rio das Ostras-Cabo Frio'),
(84,'RJ', 'São Sebastião do Alto',          'Petrópolis'),
(85,'RJ', 'Tanguá',                         'Rio de Janeiro'),
(86,'RJ', 'Teresópolis',                    'Petrópolis'),
(87,'RJ', 'Trajano de Moraes',              'Petrópolis'),
(88,'RJ', 'Três Rios',                      'Petrópolis'),
(89,'RJ', 'Valença',                        'Volta Redonda-Barra Mansa'),
(90,'RJ', 'Varre-Sai',                      'Campos dos Goytacazes'),
(91,'RJ', 'Vassouras',                      'Volta Redonda-Barra Mansa'),
(92,'RJ', 'Volta Redonda',                  'Volta Redonda-Barra Mansa');

-- ====================================
-- INSERT TABELA DE IVSA
-- ====================================
INSERT INTO tb_IVSA (id, municipio, valor, faixa)
VALUES 
(1,  1,  0.31, 'BV'),
(2,  2,  0.09, 'MBV'),
(3,  3,  0.2, 'BV'),
(4,  4,  0.08, 'MBV'),
(5,  5,  0.1, 'MBV'),
(6,  6,  0.15, 'MBV'),
(7,  7,  0.15, 'MBV'),
(8,  8,  0.19, 'MBV'),
(9,  9,  0.91, 'MAV'),
(10, 10, 0.09, 'MBV'),
(11, 11, 0.2, 'BV'),
(12, 12, 0.22, 'BV'),
(13, 13, 0.23, 'BV'),
(14, 14, 0.14, 'MBV'),
(15, 15, 0.47, 'MV'),
(16, 16, 0.06, 'MBV'),
(17, 17, 0.13, 'MBV'),
(18, 18, 0.13, 'MBV'),
(19, 19, 0.06, 'MBV'),
(20, 20, 0.13, 'MBV'),
(21, 21, 0.07, 'MBV'),
(22, 22, 0.11, 'MBV'),
(23, 23, 0.04, 'MBV'),
(24, 24, 0.07, 'MBV'),
(25, 25, 0.77, 'AV'),
(26, 26, 0.1, 'MBV'),
(27, 27, 0.23, 'BV'),
(28, 28, 0.09, 'MBV'),
(29, 29, 0.29, 'BV'),
(30, 30, 0.15, 'MBV'),
(31, 31, 0.1, 'MBV'),
(32, 32, 0.1, 'MBV'),
(33, 33, 0.24, 'BV'),
(34, 34, 0.1, 'MBV'),
(35, 35, 0.45, 'MV'),
(36, 36, 0.14, 'MBV'),
(37, 37, 0.16, 'MBV'),
(38, 38, 0.07, 'MBV'),
(39, 39, 0.37, 'BV'),
(40, 40, 0.15, 'MBV'),
(41, 41, 0.45, 'MV'),
(42, 42, 0.08, 'MBV'),
(43, 43, 0.78, 'AV'),
(44, 44, 0.08, 'MBV'),
(45, 45, 0.2, 'BV'),
(46, 46, 0.07, 'MBV'),
(47, 47, 0.14, 'MBV'),
(48, 48, 0.15, 'MBV'),
(49, 49, 0.13, 'MBV'),
(50, 50, 0.83, 'MAV'),
(51, 51, 0.12, 'MBV'),
(52, 52, 0.25, 'BV'),
(53, 53, 0.12, 'MBV'),
(54, 54, 0.11, 'MBV'),
(55, 55, 0.39, 'BV'),
(56, 56, 0.09, 'MBV'),
(57, 57, 0.09, 'MBV'),
(58, 58, 0.11, 'MBV'),
(59, 59, 0.07, 'MBV'),
(60, 60, 0.07, 'MBV'),
(61, 61, 0.4, 'MV'),
(62, 62, 0.14, 'MBV'),
(63, 63, 0.06, 'MBV'),
(64, 64, 0.12, 'MBV'),
(65, 65, 0.15, 'MBV'),
(66, 66, 0.09, 'MBV'),
(67, 67, 0.14, 'MBV'),
(68, 68, 1.00, 'MAV'),
(69, 69, 0.09, 'MBV'),
(70, 70, 0.37, 'BV'),
(71, 71, 0.09, 'MBV'),
(72, 72, 0.17, 'MBV'),
(73, 73, 0.26, 'BV'),
(74, 74, 0.16, 'MBV'),
(75, 75, 0.11, 'MBV'),
(76, 76, 0.12, 'MBV'),
(77, 77, 0.24, 'BV'),
(78, 78, 0.61, 'AV'),
(79, 79, 0.09, 'MBV'),
(80, 80, 0.08, 'MBV'),
(81, 81, 0.13, 'MBV'),
(82, 82, 0.29, 'BV'),
(83, 83, 0.15, 'MBV'),
(84, 84, 0.11, 'MBV'),
(85, 85, 0.12, 'MBV'),
(86, 86, 0.25, 'BV'),
(87, 87, 0.1, 'MBV'),
(88, 88, 0.08, 'MBV'),
(89, 89, 0.1, 'MBV'),
(90, 90, 0.14, 'MBV'),
(91, 91, 0.09, 'MBV'),
(92, 92, 0.22, 'BV');

-- ====================================
-- INSERT TABELA DE CRITERIO
-- ====================================
INSERT INTO tb_criterio(id, nome, descricao)
VALUES
(1, 'Criticidade', 'Vulnerabilidade das pessoas na região'),
(2, 'Suportabilidade', 'Vulnerabilidade da infraestutura do território'),
(3, 'Histórico Incidentes', 'Características de desastres ambientais e seus impactos no território.');

-- ====================================
-- INSERT TABELA DE SUBCRITERIO
-- ====================================
INSERT INTO tb_subcriterio(id, nome, descricao)
VALUES
(1,  'Ind1', 'Mulheres chefes de família sem cônjuge e com pelo menos um filho.'),
(2,  'Ind2', 'Média de moradores por domicílio.'),
(3,  'Ind3', 'Crianças de 0 a 14 anos.'),
(4,  'Ind4', 'Idosos com mais de 65 anos.'),
(5,  'Ind5', 'Pessoas residentes por cor ou raça - pessoas não brancas.'),
(6,  'Ind6', 'Famílias permanentes com três ou mais residentes.'),
(7,  'Ind7', 'Famílias residentes em favelas e comunidades urbanas.'),
(8,  'Ind8', 'Taxa de analfabetos das pessoas de 15 anos ou mais.'),
(9,  'Ind9', 'Domicílios permanentes com destino de lixo irregular (queimado ou enterrado na propriedade, jogado em enterro baldio, encosta ou área pública).'),
(10, 'Ind10', 'Domicílios permanentes com esgotamento irregular (fossa séptica ou fossa filtro não ligada à rede, vala, rio, lago córrego ou mar).'),
(11, 'Ind11', 'Domicílios permanentes que não possuem ligação de água na rede geral.'),
(12, 'Ind12', 'Razão população vs estabelecimentos de saúde.'),
(13, 'Ind13', 'Domicílios sem acesso a internet.'),
(14, 'Ind14', 'Quantidade de desastre hidrológicos registrados.'),
(15, 'Ind15', 'População afetada pelos desastres.'),
(16, 'Ind16', 'Unidades habitacionais afetadas pelos desastres.'),
(17, 'Ind17', 'Instalações públicas de saúde afetadas pelos desastres.');

-- ====================================
-- INSERT TABELA DE IVSA CRITERIOS
-- ====================================
INSERT INTO tb_IVSA_criterio (criterio, ivsa, valor)
VALUES 
(1, 1,  0.07),
(1, 2,  0.02),
(1, 3,  0.05),
(1, 4,  0.05),
(1, 5,  0.03),
(1, 6,  0.04),
(1, 7,  0.05),
(1, 8,  0.04),
(1, 9,  0.09),
(1, 10, 0.04),
(1, 11, 0.04),
(1, 12, 0.07),
(1, 13, 0.03),
(1, 14, 0.03),
(1, 15, 0.09),
(1, 16, 0.04),
(1, 17, 0.05),
(1, 18, 0.05),
(1, 19, 0.03),
(1, 20, 0.04),
(1, 21, 0.06),
(1, 22, 0.04),
(1, 23, 0.03),
(1, 24, 0.05),
(1, 25, 0.14),
(1, 26, 0.02),
(1, 27, 0.05),
(1, 28, 0.04),
(1, 29, 0.05),
(1, 30, 0.06),
(1, 31, 0.03),
(1, 32, 0.03),
(1, 33, 0.04),
(1, 34, 0.04),
(1, 35, 0.07),
(1, 36, 0.05),
(1, 37, 0.06),
(1, 38, 0.05),
(1, 39, 0.07),
(1, 40, 0.03),
(1, 41, 0.05),
(1, 42, 0.01),
(1, 43, 0.04),
(1, 44, 0.02),
(1, 45, 0.06),
(1, 46, 0.04),
(1, 47, 0.03),
(1, 48, 0.06),
(1, 49, 0.02),
(1, 50, 0.12),
(1, 51, 0.02),
(1, 52, 0.05),
(1, 53, 0.05),
(1, 54, 0.06),
(1, 55, 0.05),
(1, 56, 0.04),
(1, 57, 0.05),
(1, 58, 0.05),
(1, 59, 0.05),
(1, 60, 0.04),
(1, 61, 0.06),
(1, 62, 0.06),
(1, 63, 0.04),
(1, 64, 0.04),
(1, 65, 0.05),
(1, 66, 0.07),
(1, 67, 0.04),
(1, 68, 0.92),
(1, 69, 0.04),
(1, 70, 0.04),
(1, 71, 0.04),
(1, 72, 0.04),
(1, 73, 0.05),
(1, 74, 0.06),
(1, 75, 0.05),
(1, 76, 0.04),
(1, 77, 0.06),
(1, 78, 0.10),
(1, 79, 0.05),
(1, 80, 0.04),
(1, 81, 0.02),
(1, 82, 0.07),
(1, 83, 0.05),
(1, 84, 0.05),
(1, 85, 0.04),
(1, 86, 0.05),
(1, 87, 0.05),
(1, 88, 0.05),
(1, 89, 0.04),
(1, 90, 0.07),
(1, 91, 0.03),
(1, 92, 0.06),
(2, 1,  0.07),
(2, 2,  0.04),
(2, 3,  0.13),
(2, 4,  0.02),
(2, 5,  0.06),
(2, 6,  0.08),
(2, 7,  0.05),
(2, 8,  0.09),
(2, 9,  0.58),
(2, 10, 0.05),
(2, 11, 0.02),
(2, 12, 0.15),
(2, 13, 0.07),
(2, 14, 0.07),
(2, 15, 0.29),
(2, 16, 0.01),
(2, 17, 0.05),
(2, 18, 0.06),
(2, 19, 0.02),
(2, 20, 0.08),
(2, 21, 0.01),
(2, 22, 0.05),
(2, 23, 0.02),
(2, 24, 0.02),
(2, 25, 0.43),
(2, 26, 0.03),
(2, 27, 0.09),
(2, 28, 0.04),
(2, 29, 0.24),
(2, 30, 0.07),
(2, 31, 0.04),
(2, 32, 0.04),
(2, 33, 0.03),
(2, 34, 0.04),
(2, 35, 0.25),
(2, 36, 0.04),
(2, 37, 0.07),
(2, 38, 0.01),
(2, 39, 0.22),
(2, 40, 0.10),
(2, 41, 0.26),
(2, 42, 0.02),
(2, 43, 0.22),
(2, 44, 0.02),
(2, 45, 0.04),
(2, 46, 0.02),
(2, 47, 0.08),
(2, 48, 0.08),
(2, 49, 0.08),
(2, 50, 0.28),
(2, 51, 0.06),
(2, 52, 0.11),
(2, 53, 0.04),
(2, 54, 0.05),
(2, 55, 0.11),
(2, 56, 0.05),
(2, 57, 0.04),
(2, 58, 0.02),
(2, 59, 0.02),
(2, 60, 0.03),
(2, 61, 0.17),
(2, 62, 0.08),
(2, 63, 0.02),
(2, 64, 0.05),
(2, 65, 0.04),
(2, 66, 0.02),
(2, 67, 0.10),
(2, 68, 0.71),
(2, 69, 0.03),
(2, 70, 0.07),
(2, 71, 0.04),
(2, 72, 0.13),
(2, 73, 0.15),
(2, 74, 0.05),
(2, 75, 0.06),
(2, 76, 0.08),
(2, 77, 0.13),
(2, 78, 0.43),
(2, 79, 0.03),
(2, 80, 0.04),
(2, 81, 0.06),
(2, 82, 0.15),
(2, 83, 0.09),
(2, 84, 0.06),
(2, 85, 0.05),
(2, 86, 0.13),
(2, 87, 0.04),
(2, 88, 0.02),
(2, 89, 0.04),
(2, 90, 0.04),
(2, 91, 0.02),
(2, 92, 0.02),
(3, 1,  0.17),   
(3, 2,  0.03),   
(3, 3,  0.01),   
(3, 4,  0),   
(3, 5,  0),   
(3, 6,  0.04),   
(3, 7,  0.05),   
(3, 8,  0.07),   
(3, 9,  0.24),
(3, 10, 0),   
(3, 11, 0.14),
(3, 12, 0),                     
(3, 13, 0.13),     
(3, 14, 0.04),     
(3, 15, 0.08),     
(3, 16, 0),     
(3, 17, 0.02),     
(3, 18, 0.02),     
(3, 19, 0.02),     
(3, 20, 0.01),     
(3, 21, 0),     
(3, 22, 0.02),
(3, 23, 0),
(3, 24, 0),            
(3, 25, 0.20),     
(3, 26, 0.05), 
(3, 27, 0.09),
(3, 28, 0.01),     
(3, 29, 0.01),     
(3, 30, 0.02),     
(3, 31, 0.04),     
(3, 32, 0.03),     
(3, 33, 0.17),     
(3, 34, 0.01),     
(3, 35, 0.13),     
(3, 36, 0.05),     
(3, 37, 0.02),     
(3, 38, 0),     
(3, 39, 0.08),     
(3, 40, 0.03),     
(3, 41, 0.14),     
(3, 42, 0.04),     
(3, 43, 0.53),     
(3, 44, 0.03),     
(3, 45, 0.10),     
(3, 46, 0.01),     
(3, 47, 0.02),     
(3, 48, 0.01),     
(3, 49, 0.03),     
(3, 50, 0.43),
(3, 51, 0.04),     
(3, 52, 0.09),     
(3, 53, 0.03),     
(3, 54, 0),     
(3, 55, 0.23),
(3, 56, 0),       
(3, 57, 0),     
(3, 58, 0.04),     
(3, 60, 0.),     
(3, 61, 0.17),
(3, 62, 0.14),     
(3, 63, 0),     
(3, 64, 0.02),     
(3, 65, 0.05),     
(3, 66, 0),     
(3, 67, 0),     
(3, 68, 0.42),     
(3, 69, 0.02),     
(3, 70, 0.27),     
(3, 71, 0.01),     
(3, 72, 0.01),     
(3, 73, 0.06),     
(3, 74, 0.06),     
(3, 75, 0.01),     
(3, 76, 0.01),   
(3, 77, 0.06),
(3, 78, 0.08),     
(3, 79, 0.01),     
(3, 80, 0),
(3, 81, 0.04),     
(3, 82, 0.07),     
(3, 83, 0.01),     
(3, 84, 0),     
(3, 85, 0.02),     
(3, 86, 0.07),     
(3, 87, 0.01),     
(3, 88, 0.01),     
(3, 89, 0.03),     
(3, 90, 0.03),     
(3, 91, 0.04),     
(3, 92, 0.14);

-- ====================================
-- INSERT DA TABELA DE MULTICRITERIO
-- ====================================
INSERT INTO tb_multicriterio (subcriterio, criterio)
VALUES 
(1,  1),
(2,  1),
(3,  1),
(4,  1),
(5,  1),
(6,  1),
(7,  1),
(8,  2),
(9,  2),
(10, 2),
(11, 2),
(12, 2),
(13, 2),
(14, 3),
(15, 3),
(16, 3),
(17, 3);

-- ====================================
-- INSERT DA TABELA DE INDICADORES
-- ====================================
INSERT INTO tb_indicador (municipio, subcriterio, valor)
VALUES 
(1,  1, 8297),
(2,  1, 541),
(3,  1, 6583),
(4,  1, 606),
(5,  1, 1621),
(6,  1, 1517),
(7,  1, 5815),
(8,  1, 9827),
(9,  1, 27469),
(10, 1, 1312),
(11, 1, 1966),
(12, 1, 10907),
(13, 1, 2859),
(14, 1, 736),
(15, 1, 659),
(16, 1, 498),
(17, 1, 26610),
(18, 1, 1028),
(19, 1, 607),
(20, 1, 973),
(21, 1, 2232),
(22, 1, 1127),
(23, 1, 1154),
(24, 1, 544),
(25, 1, 48335),
(26, 1, 700),
(27, 1, 2666),
(28, 1, 1374),
(29, 1, 12264),
(30, 1, 5999),
(31, 1, 587),
(32, 1, 1061),
(33, 1, 5027),
(34, 1, 1664),
(35, 1, 4707),
(36, 1, 432),
(37, 1, 11970),
(38, 1, 318),
(39, 1, 13487),
(40, 1, 1824),
(41, 1, 9237),
(42, 1, 1060),
(43, 1, 10624),
(44, 1, 1558),
(45, 1, 1607),
(46, 1, 804),
(47, 1, 8887),
(48, 1, 27173),
(49, 1, 9570),
(50, 1, 45847),
(51, 1, 2374),
(52, 1, 2557),
(53, 1, 1906),
(54, 1, 1564),
(55, 1, 15527),
(56, 1, 1361),
(57, 1, 1463),
(58, 1, 865),
(59, 1, 1073),
(60, 1, 778),
(61, 1, 8309),
(62, 1, 1301),
(63, 1, 6790),
(64, 1, 2854),
(65, 1, 873),
(66, 1, 520),
(67, 1, 7298),
(68, 1, 375718),
(69, 1, 491),
(70, 1, 2057),
(71, 1, 2113),
(72, 1, 1809),
(73, 1, 52280),
(74, 1, 1786),
(75, 1, 26822),
(76, 1, 272),
(77, 1, 1011),
(78, 1, 4706),
(79, 1, 380),
(80, 1, 866),
(81, 1, 4444),
(82, 1, 4517),
(83, 1, 1145),
(84, 1, 582),
(85, 1, 1556),
(86, 1, 8993),
(87, 1, 476),
(88, 1, 4837),
(89, 1, 4567),
(90, 1, 461),
(91, 1, 2013),
(92, 1, 15113),
(1,  2, 2.69),
(2,  2, 2.54),
(3,  2, 2.68),
(4,  2, 2.79),
(5,  2, 2.67),
(6,  2, 2.68),
(7,  2, 2.65),
(8,  2, 2.70),
(9,  2, 2.67),
(10, 2, 2.58),
(11, 2, 2.62),
(12, 2, 2.70),
(13, 2, 2.56),
(14, 2, 2.52),
(15, 2, 2.75),
(16, 2, 2.89),
(17, 2, 2.74),
(18, 2, 2.65),
(19, 2, 2.60),
(20, 2, 2.55),
(21, 2, 2.72),
(22, 2, 2.66),
(23, 2, 2.61),
(24, 2, 2.64),
(25, 2, 2.71),
(26, 2, 2.55),
(27, 2, 2.79),
(28, 2, 2.71),
(29, 2, 2.59),
(30, 2, 2.76),
(31, 2, 2.51),
(32, 2, 2.52),
(33, 2, 2.61),
(34, 2, 2.71),
(35, 2, 2.84),
(36, 2, 2.69),
(37, 2, 2.65),
(38, 2, 2.79),
(39, 2, 2.73),
(40, 2, 2.61),
(41, 2, 2.68),
(42, 2, 2.52),
(43, 2, 2.66),
(44, 2, 2.59),
(45, 2, 2.79),
(46, 2, 2.64),
(47, 2, 2.57),
(48, 2, 2.47),
(49, 2, 2.47),
(50, 2, 2.73),
(51, 2, 2.55),
(52, 2, 2.76),
(53, 2, 2.79),
(54, 2, 2.72),
(55, 2, 2.57),
(56, 2, 2.75),
(57, 2, 2.72),
(58, 2, 2.68),
(59, 2, 2.83),
(60, 2, 2.71),
(61, 2, 2.74),
(62, 2, 2.76),
(63, 2, 2.67),
(64, 2, 2.65),
(65, 2, 2.71),
(66, 2, 2.87),
(67, 2, 2.65),
(68, 2, 2.53),
(69, 2, 2.56),
(70, 2, 2.60),
(71, 2, 2.61),
(72, 2, 2.61),
(73, 2, 2.50),
(74, 2, 2.52),
(75, 2, 2.61),
(76, 2, 2.63),
(77, 2, 2.67),
(78, 2, 2.71),
(79, 2, 2.65),
(80, 2, 2.64),
(81, 2, 2.62),
(82, 2, 2.72),
(83, 2, 2.70),
(84, 2, 2.58),
(85, 2, 2.69),
(86, 2, 2.56),
(87, 2, 2.63),
(88, 2, 2.75),
(89, 2, 2.62),
(90, 2, 2.81),
(91, 2, 2.63),
(92, 2, 2.67),
(1,  3, 33860),
(2,  3, 1884),
(3,  3, 24022),
(4,  3, 2257),
(5,  3, 7756),
(6,  3, 5519),
(7,  3, 16684),
(8,  3, 29299),
(9,  3, 97447),
(10, 3, 5089),
(11, 3, 6357),
(12, 3, 42930),
(13, 3, 10509),
(14, 3, 2297),
(15, 3, 2789),
(16, 3, 1678),
(17, 3, 95107),
(18, 3, 3562),
(19, 3, 2385),
(20, 3, 2996),
(21, 3, 9525),
(22, 3, 4125),
(23, 3, 3720),
(24, 3, 2044),
(25, 3, 160867),
(26, 3, 1958),
(27, 3, 10349),
(28, 3, 4822),
(29, 3, 42714),
(30, 3, 24506),
(31, 3, 2295),
(32, 3, 3630),
(33, 3, 17085),
(34, 3, 5802),
(35, 3, 19771),
(36, 3, 1267),
(37, 3, 51955),
(38, 3, 1030),
(39, 3, 46272),
(40, 3, 7304),
(41, 3, 35313),
(42, 3, 2882),
(43, 3, 31044),
(44, 3, 4245),
(45, 3, 5004),
(46, 3, 2622),
(47, 3, 24477),
(48, 3, 70271),
(49, 3, 30564),
(50, 3, 152895),
(51, 3, 6933),
(52, 3, 7998),
(53, 3, 9119),
(54, 3, 5740),
(55, 3, 46036),
(56, 3, 4621),
(57, 3, 5153),
(58, 3, 3284),
(59, 3, 4189),
(60, 3, 2620),
(61, 3, 28932),
(62, 3, 4626),
(63, 3, 23402),
(64, 3, 10025),
(65, 3, 3086),
(66, 3, 1717),
(67, 3, 31597),
(68, 3, 1032301),
(69, 3, 1766),
(70, 3, 7193),
(71, 3, 9155),
(72, 3, 6985),
(73, 3, 149728),
(74, 3, 6741),
(75, 3, 83165),
(76, 3, 1205),
(77, 3, 4263),
(78, 3, 20349),
(79, 3, 1404),
(80, 3, 3138),
(81, 3, 16122),
(82, 3, 16333),
(83, 3, 4321),
(84, 3, 2887),
(85, 3, 6152),
(86, 3, 29189),
(87, 3, 1799),
(88, 3, 14740),
(89, 3, 11644),
(90, 3, 2109),
(91, 3, 6097),
(92, 3, 43497),
(1,  4, 16606),
(2,  4, 1580),
(3,  4, 19052),
(4,  4, 1514),
(5,  4, 3702),
(6,  4, 4195),
(7,  4, 13202),
(8,  4, 23127),
(9,  4, 46250),
(10, 4, 3670),
(11, 4, 5200),
(12, 4, 27554),
(13, 4, 7246),
(14, 4, 2438),
(15, 4, 1624),
(16, 4, 1133),
(17, 4, 56141),
(18, 4, 2855),
(19, 4, 2052),
(20, 4, 2531),
(21, 4, 5242),
(22, 4, 2682),
(23, 4, 3014),
(24, 4, 1441),
(25, 4, 85965),
(26, 4, 1920),
(27, 4, 5694),
(28, 4, 4759),
(29, 4, 24918),
(30, 4, 12103),
(31, 4, 2434),
(32, 4, 3902),
(33, 4, 14100),
(34, 4, 3518),
(35, 4, 7655),
(36, 4, 1060),
(37, 4, 21084),
(38, 4, 725),
(39, 4, 25017),
(40, 4, 5495),
(41, 4, 25619),
(42, 4, 2737),
(43, 4, 19776),
(44, 4, 4689),
(45, 4, 3777),
(46, 4, 2419),
(47, 4, 20285),
(48, 4, 83028),
(49, 4, 28297),
(50, 4, 85312),
(51, 4, 5263),
(52, 4, 5701),
(53, 4, 4066),
(54, 4, 3755),
(55, 4, 42771),
(56, 4, 2985),
(57, 4, 3566),
(58, 4, 2368),
(59, 4, 1877),
(60, 4, 1692),
(61, 4, 13554),
(62, 4, 2673),
(63, 4, 15135),
(64, 4, 7360),
(65, 4, 2394),
(66, 4, 1126),
(67, 4, 15587),
(68, 4, 892353),
(69, 4, 1714),
(70, 4, 6049),
(71, 4, 5528),
(72, 4, 5809),
(73, 4, 117027),
(74, 4, 4662),
(75, 4, 50604),
(76, 4, 1064),
(77, 4, 2416),
(78, 4, 11729),
(79, 4, 1195),
(80, 4, 2489),
(81, 4, 13530),
(82, 4, 8603),
(83, 4, 2550),
(84, 4, 1640),
(85, 4, 3469),
(86, 4, 22463),
(87, 4, 1515),
(88, 4, 10294),
(89, 4, 10557),
(90, 4, 1134),
(91, 4, 4741),
(92, 4, 37844),
(1,  5, 92250),
(2,  5, 4516),
(3,  5, 79244),
(4,  5, 5902),
(5,  5, 21890),
(6,  5, 16174),
(7,  5, 57234),
(8,  5, 92620),
(9,  5, 351728),
(10, 5, 10340),
(11, 5, 17915),
(12, 5, 129191),
(13, 5, 36533),
(14, 5, 7795),
(15, 5, 9467),
(16, 5, 5872),
(17, 5, 280053),
(18, 5, 10927),
(19, 5, 6597),
(20, 5, 8785),
(21, 5, 26706),
(22, 5, 13744),
(23, 5, 10549),
(24, 5, 5110),
(25, 5, 557623),
(26, 5, 6890),
(27, 5, 32837),
(28, 5, 15345),
(29, 5, 154697),
(30, 5, 76027),
(31, 5, 6738),
(32, 5, 8411),
(33, 5, 55982),
(34, 5, 16582),
(35, 5, 73898),
(36, 5, 4829),
(37, 5, 154180),
(38, 5, 3237),
(39, 5, 157899),
(40, 5, 25819),
(41, 5, 112372),
(42, 5, 9562),
(43, 5, 114634),
(44, 5, 14335),
(45, 5, 17033),
(46, 5, 8783),
(47, 5, 95992),
(48, 5, 206413),
(49, 5, 64042),
(50, 5, 529975),
(51, 5, 25029),
(52, 5, 24591),
(53, 5, 25636),
(54, 5, 17552),
(55, 5, 115175),
(56, 5, 13938),
(57, 5, 15782),
(58, 5, 10470),
(59, 5, 11942),
(60, 5, 8016),
(61, 5, 101439),
(62, 5, 15459),
(63, 5, 67025),
(64, 5, 34842),
(65, 5, 8126),
(66, 5, 5781),
(67, 5, 87956),
(68, 5, 3389604),
(69, 5, 5683),
(70, 5, 20310),
(71, 5, 25608),
(72, 5, 17644),
(73, 5, 565494),
(74, 5, 15579),
(75, 5, 311873),
(76, 5, 4170),
(77, 5, 7875),
(78, 5, 59723),
(79, 5, 3757),
(80, 5, 9112),
(81, 5, 53086),
(82, 5, 52807),
(83, 5, 14538),
(84, 5, 5316),
(85, 5, 22724),
(86, 5, 67253),
(87, 5, 5472),
(88, 5, 47276),
(89, 5, 37453),
(90, 5, 5164),
(91, 5, 20065),
(92, 5, 133651),
(1,  6, 290),
(2,  6, 0),
(3,  6, 296),
(4,  6, 40),
(5,  6, 68),
(6,  6, 52),
(7,  6, 203),
(8,  6, 252),
(9,  6, 783),
(10, 6, 12),
(11, 6, 2),
(12, 6, 362),
(13, 6, 55),
(14, 6, 5),
(15, 6, 28),
(16, 6, 31),
(17, 6, 956),
(18, 6, 58),
(19, 6, 23),
(20, 6, 24),
(21, 6, 59),
(22, 6, 39),
(23, 6, 76),
(24, 6, 12),
(25, 6, 1676),
(26, 6, 28),
(27, 6, 66),
(28, 6, 95),
(29, 6, 303),
(30, 6, 309),
(31, 6, 15),
(32, 6, 9),
(33, 6, 119),
(34, 6, 97),
(35, 6, 200),
(36, 6, 7),
(37, 6, 332),
(38, 6, 10),
(39, 6, 567),
(40, 6, 80),
(41, 6, 296),
(42, 6, 10),
(43, 6, 343),
(44, 6, 14),
(45, 6, 90),
(46, 6, 10),
(47, 6, 587),
(48, 6, 309),
(49, 6, 97),
(50, 6, 1783),
(51, 6, 16),
(52, 6, 110),
(53, 6, 116),
(54, 6, 69),
(55, 6, 478),
(56, 6, 54),
(57, 6, 30),
(58, 6, 8),
(59, 6, 28),
(60, 6, 25),
(61, 6, 252),
(62, 6, 35),
(63, 6, 147),
(64, 6, 84),
(65, 6, 23),
(66, 6, 18),
(67, 6, 131),
(68, 6, 10510),
(69, 6, 13),
(70, 6, 38),
(71, 6, 91),
(72, 6, 45),
(73, 6, 1088),
(74, 6, 41),
(75, 6, 658),
(76, 6, 4),
(77, 6, 12),
(78, 6, 90),
(79, 6, 24),
(80, 6, 20),
(81, 6, 117),
(82, 6, 225),
(83, 6, 2),
(84, 6, 5),
(85, 6, 24),
(86, 6, 172),
(87, 6, 26),
(88, 6, 92),
(89, 6, 126),
(90, 6, 28),
(91, 6, 82),
(92, 6, 303),
(1,  7, 71448),
(2,  7, 0),
(3,  7, 22661),
(4,  7, 0),
(5,  7, 1538),
(6,  7, 10476),
(7,  7, 7052),
(8,  7, 2965),
(9,  7, 46851),
(10, 7, 0),
(11, 7, 0),
(12, 7, 46474),
(13, 7, 3719),
(14, 7, 0),
(15, 7, 13589),
(16, 7, 0),
(17, 7, 0),
(18, 7, 163),
(19, 7, 0),
(20, 7, 4844),
(21, 7, 0),
(22, 7, 471),
(23, 7, 0),
(24, 7, 0),
(25, 7, 70181),
(26, 7, 135),
(27, 7, 0),
(28, 7, 141),
(29, 7, 4612),
(30, 7, 9329),
(31, 7, 0),
(32, 7, 0),
(33, 7, 0),
(34, 7, 6560),
(35, 7, 3233),
(36, 7, 0),
(37, 7, 49832),
(38, 7, 0),
(39, 7, 20676),
(40, 7, 6282),
(41, 7, 12704),
(42, 7, 583),
(43, 7, 1954),
(44, 7, 0),
(45, 7, 0),
(46, 7, 0),
(47, 7, 5380),
(48, 7, 86983),
(49, 7, 5927),
(50, 7, 22344),
(51, 7, 3870),
(52, 7, 0),
(53, 7, 0),
(54, 7, 0),
(55, 7, 43025),
(56, 7, 470),
(57, 7, 2686),
(58, 7, 0),
(59, 7, 0),
(60, 7, 0),
(61, 7, 8980),
(62, 7, 0),
(63, 7, 783),
(64, 7, 848),
(65, 7, 1435),
(66, 7, 0),
(67, 7, 10451),
(68, 7, 1349942),
(69, 7, 0),
(70, 7, 0),
(71, 7, 0),
(72, 7, 1955),
(73, 7, 1894),
(74, 7, 799),
(75, 7, 0),
(76, 7, 0),
(77, 7, 1753),
(78, 7, 39956),
(79, 7, 0),
(80, 7, 0),
(81, 7, 200),
(82, 7, 38013),
(83, 7, 5475),
(84, 7, 0),
(85, 7, 469),
(86, 7, 51371),
(87, 7, 0),
(88, 7, 0),
(89, 7, 4151),
(90, 7, 0),
(91, 7, 216),
(92, 7, 34617),
(1,  8, 4.42),
(2,  8, 6.34),
(3,  8, 4.67),
(4,  8, 5.49),
(5,  8, 2.79),
(6,  8, 3.18),
(7,  8, 3.59),
(8,  8, 3.05),
(9,  8, 3.60),
(10, 8, 8.00),
(11, 8, 7.27),
(12, 8, 3.34),
(13, 8, 6.15),
(14, 8, 9.36),
(15, 8, 6.29),
(16, 8, 4.62),
(17, 8, 4.94),
(18, 8, 6.89),
(19, 8, 1.99),
(20, 8, 6.22),
(21, 8, 4.43),
(22, 8, 7.55),
(23, 8, 4.27),
(24, 8, 1.42),
(25, 8, 3.77),
(26, 8, 5.02),
(27, 8, 4.79),
(28, 8, 3.16),
(29, 8, 5.15),
(30, 8, 4.16),
(31, 8, 8.89),
(32, 8, 7.74),
(33, 8, 5.99),
(34, 8, 4.19),
(35, 8, 5.58),
(36, 8, 8.78),
(37, 8, 3.45),
(38, 8, 5.72),
(39, 8, 4.48),
(40, 8, 3.41),
(41, 8, 2.66),
(42, 8, 3.34),
(43, 8, 2.37),
(44, 8, 4.07),
(45, 8, 7.31),
(46, 8, 7.22),
(47, 8, 1.92),
(48, 8, 1.77),
(49, 8, 3.61),
(50, 8, 3.65),
(51, 8, 3.45),
(52, 8, 4.67),
(53, 8, 4.71),
(54, 8, 8.79),
(55, 8, 2.95),
(56, 8, 3.66),
(57, 8, 5.67),
(58, 8, 8.53),
(59, 8, 4.12),
(60, 8, 5.13),
(61, 8, 3.76),
(62, 8, 7.39),
(63, 8, 3.24),
(64, 8, 5.22),
(65, 8, 8.41),
(66, 8, 7.53),
(67, 8, 2.64),
(68, 8, 2.33),
(69, 8, 1.34),
(70, 8, 6.91),
(71, 8, 1.30),
(72, 8, 7.82),
(73, 8, 3.02),
(74, 8, 5.69),
(75, 8, 2.38),
(76, 8, 1.14),
(77, 8, 6.39),
(78, 8, 3.91),
(79, 8, 1.98),
(80, 8, 8.17),
(81, 8, 4.27),
(82, 8, 4.67),
(83, 8, 9.56),
(84, 8, 11.75),
(85, 8, 6.34),
(86, 8, 4.93),
(87, 8, 10.98),
(88, 8, 3.47),
(89, 8, 4.69),
(90, 8, 10.24),
(91, 8, 5.46),
(92, 8, 2.37),
(1,  9, 406),
(2,  9, 168),
(3,  9, 1522),
(4,  9, 59),
(5,  9, 48),
(6,  9, 46),
(7,  9, 631),
(8,  9, 171),
(9,  9, 20252),
(10, 9, 173),
(11, 9, 601),
(12, 9, 2654),
(13, 9, 1421),
(14, 9, 747),
(15, 9, 381),
(16, 9, 44),
(17, 9, 4641),
(18, 9, 351),
(19, 9, 495),
(20, 9, 93),
(21, 9, 153),
(22, 9, 364),
(23, 9, 57),
(24, 9, 108),
(25, 9, 7794),
(26, 9, 32),
(27, 9, 458),
(28, 9, 133),
(29, 9, 2762),
(30, 9, 904),
(31, 9, 369),
(32, 9, 777),
(33, 9, 1293),
(34, 9, 55),
(35, 9, 1235),
(36, 9, 236),
(37, 9, 1022),
(38, 9, 38),
(39, 9, 1882),
(40, 9, 139),
(41, 9, 543),
(42, 9, 38),
(43, 9, 270),
(44, 9, 64),
(45, 9, 272),
(46, 9, 328),
(47, 9, 171),
(48, 9, 1132),
(49, 9, 325),
(50, 9, 4704),
(51, 9, 348),
(52, 9, 355),
(53, 9, 210),
(54, 9, 375),
(55, 9, 326),
(56, 9, 88),
(57, 9, 200),
(58, 9, 712),
(59, 9, 13),
(60, 9, 88),
(61, 9, 985),
(62, 9, 192),
(63, 9, 174),
(64, 9, 655),
(65, 9, 318),
(66, 9, 99),
(67, 9, 191),
(68, 9, 18277),
(69, 9, 267),
(70, 9, 964),
(71, 9, 1070),
(72, 9, 1415),
(73, 9, 9362),
(74, 9, 142),
(75, 9, 1768),
(76, 9, 155),
(77, 9, 83),
(78, 9, 705),
(79, 9, 371),
(80, 9, 406),
(81, 9, 724),
(82, 9, 804),
(83, 9, 336),
(84, 9, 231),
(85, 9, 228),
(86, 9, 649),
(87, 9, 590),
(88, 9, 261),
(89, 9, 622),
(90, 9, 364),
(91, 9, 216),
(92, 9, 233),
(1,  10, 18129),
(2,  10, 646),
(3,  10, 32196),
(4,  10, 2449),
(5,  10, 10030),
(6,  10, 3446),
(7,  10, 7453),
(8,  10, 11072),
(9,  10, 19896),
(10, 10, 6023),
(11, 10, 2445),
(12, 10, 31222),
(13, 10, 7415),
(14, 10, 2394),
(15, 10, 2023),
(16, 10, 753),
(17, 10, 61240),
(18, 10, 1736),
(19, 10, 2439),
(20, 10, 936),
(21, 10, 5584),
(22, 10, 3000),
(23, 10, 1099),
(24, 10, 2715),
(25, 10, 31114),
(26, 10, 2600),
(27, 10, 7897),
(28, 10, 4741),
(29, 10, 28602),
(30, 10, 6346),
(31, 10, 969),
(32, 10, 2337),
(33, 10, 3225),
(34, 10, 3416),
(35, 10, 8391),
(36, 10, 945),
(37, 10, 14393),
(38, 10, 267),
(39, 10, 25506),
(40, 10, 9960),
(41, 10, 46857),
(42, 10, 2401),
(43, 10, 1743),
(44, 10, 3036),
(45, 10, 816),
(46, 10, 1712),
(47, 10, 629),
(48, 10, 14147),
(49, 10, 19360),
(50, 10, 30807),
(51, 10, 4174),
(52, 10, 2845),
(53, 10, 13173),
(54, 10, 5452),
(55, 10, 25789),
(56, 10, 727),
(57, 10, 2639),
(58, 10, 1585),
(59, 10, 385),
(60, 10, 692),
(61, 10, 5545),
(62, 10, 1860),
(63, 10, 2931),
(64, 10, 4861),
(65, 10, 2825),
(66, 10, 816),
(67, 10, 21841),
(68, 10, 119077),
(69, 10, 1982),
(70, 10, 2409),
(71, 10, 16656),
(72, 10, 4287),
(73, 10, 56277),
(74, 10, 10615),
(75, 10, 3781),
(76, 10, 1066),
(77, 10, 3753),
(78, 10, 12171),
(79, 10, 1535),
(80, 10, 1982),
(81, 10, 24625),
(82, 10, 7335),
(83, 10, 3323),
(84, 10, 4372),
(85, 10, 3309),
(86, 10, 28682),
(87, 10, 2567),
(88, 10, 6169),
(89, 10, 6087),
(90, 10, 1499),
(91, 10, 3830),
(92, 10, 3865),
(1,  11, 5396),
(2,  11, 432),
(3,  11, 1782),
(4,  11, 1043),
(5,  11, 552),
(6,  11, 1741),
(7,  11, 3522),
(8,  11, 2491),
(9,  11, 34669),
(10, 11, 4072),
(11, 11, 1412),
(12, 11, 5978),
(13, 11, 4851),
(14, 11, 1421),
(15, 11, 3485),
(16, 11, 132),
(17, 11, 25827),
(18, 11, 1271),
(19, 11, 1282),
(20, 11, 441),
(21, 11, 1676),
(22, 11, 2030),
(23, 11, 358),
(24, 11, 939),
(25, 11, 92029),
(26, 11, 1982),
(27, 11, 6028),
(28, 11, 257),
(29, 11, 56114),
(30, 11, 5387),
(31, 11, 692),
(32, 11, 1456),
(33, 11, 2039),
(34, 11, 519),
(35, 11, 8501),
(36, 11, 421),
(37, 11, 13208),
(38, 11, 153),
(39, 11, 49517),
(40, 11, 5730),
(41, 11, 37042),
(42, 11, 1374),
(43, 11, 3783),
(44, 11, 2168),
(45, 11, 887),
(46, 11, 855),
(47, 11, 2571),
(48, 11, 2407),
(49, 11, 13911),
(50, 11, 62917),
(51, 11, 4872),
(52, 11, 1159),
(53, 11, 3314),
(54, 11, 3874),
(55, 11, 19531),
(56, 11, 452),
(57, 11, 1205),
(58, 11, 1221),
(59, 11, 60),
(60, 11, 491),
(61, 11, 7004),
(62, 11, 1967),
(63, 11, 1648),
(64, 11, 8473),
(65, 11, 1407),
(66, 11, 344),
(67, 11, 14927),
(68, 11, 24506),
(69, 11, 1509),
(70, 11, 1726),
(71, 11, 12159),
(72, 11, 2794),
(73, 11, 35117),
(74, 11, 1993),
(75, 11, 8871),
(76, 11, 908),
(77, 11, 3228),
(78, 11, 1445),
(79, 11, 1310),
(80, 11, 1649),
(81, 11, 13222),
(82, 11, 915),
(83, 11, 3599),
(84, 11, 4026),
(85, 11, 4681),
(86, 11, 16099),
(87, 11, 2151),
(88, 11, 1005),
(89, 11, 3614),
(90, 11, 1860),
(91, 11, 1637),
(92, 11, 527),
(1,  12, 266.19),
(2,  12, 525.43),
(3,  12, 334.20),
(4,  12, 337.94),
(5,  12, 548.03),
(6,  12, 837.46),
(7,  12, 731.36),
(8,  12, 354.68),
(9,  12, 1879.72),
(10, 12, 468.37),
(11, 12, 199.85),
(12, 12, 369.04),
(13, 12, 441.42),
(14, 12, 696.00),
(15, 12, 602.04),
(16, 12, 257.09),
(17, 12, 372.53),
(18, 12, 213.08),
(19, 12, 682.00),
(20, 12, 350.98),
(21, 12, 755.90),
(22, 12, 514.73),
(23, 12, 314.89),
(24, 12, 354.19),
(25, 12, 1381.47),
(26, 12, 437.21),
(27, 12, 760.24),
(28, 12, 450.32),
(29, 12, 687.94),
(30, 12, 559.05),
(31, 12, 469.10),
(32, 12, 424.43),
(33, 12, 205.37),
(34, 12, 532.90),
(35, 12, 2188.39),
(36, 12, 524.00),
(37, 12, 219.40),
(38, 12, 300.83),
(39, 12, 844.91),
(40, 12, 808.24),
(41, 12, 1011.68),
(42, 12, 336.58),
(43, 12, 2199.04),
(44, 12, 274.04),
(45, 12, 516.94),
(46, 12, 279.15),
(47, 12, 959.31),
(48, 12, 349.35),
(49, 12, 266.02),
(50, 12, 590.43),
(51, 12, 566.78),
(52, 12, 494.86),
(53, 12, 853.64),
(54, 12, 448.77),
(55, 12, 349.47),
(56, 12, 623.03),
(57, 12, 518.38),
(58, 12, 243.49),
(59, 12, 370.42),
(60, 12, 456.07),
(61, 12, 1544.21),
(62, 12, 895.72),
(63, 12, 227.79),
(64, 12, 413.79),
(65, 12, 511.79),
(66, 12, 389.30),
(67, 12, 388.32),
(68, 12, 373.56),
(69, 12, 393.54),
(70, 12, 626.14),
(71, 12, 693.22),
(72, 12, 618.43),
(73, 12, 943.94),
(74, 12, 501.00),
(75, 12, 1169.66),
(76, 12, 471.33),
(77, 12, 416.60),
(78, 12, 622.93),
(79, 12, 645.83),
(80, 12, 443.23),
(81, 12, 508.86),
(82, 12, 1389.59),
(83, 12, 520.78),
(84, 12, 584.85),
(85, 12, 535.97),
(86, 12, 381.35),
(87, 12, 429.25),
(88, 12, 219.46),
(89, 12, 268.06),
(90, 12, 443.78),
(91, 12, 248.00),
(92, 12, 260.26),
(1,  13, 7100),
(2,  13, 651),
(3,  13, 7298),
(4,  13, 639),
(5,  13, 1084),
(6,  13, 871),
(7,  13, 4352),
(8,  13, 6927),
(9,  13, 30780),
(10, 13, 1322),
(11, 13, 1856),
(12, 13, 6695),
(13, 13, 3737),
(14, 13, 1191),
(15, 13, 836),
(16, 13, 402),
(17, 13, 29447),
(18, 13, 1342),
(19, 13, 1037),
(20, 13, 938),
(21, 13, 2126),
(22, 13, 1140),
(23, 13, 988),
(24, 13, 634),
(25, 13, 42578),
(26, 13, 519),
(27, 13, 2199),
(28, 13, 1031),
(29, 13, 14836),
(30, 13, 6379),
(31, 13, 1211),
(32, 13, 1626),
(33, 13, 5239),
(34, 13, 1351),
(35, 13, 6296),
(36, 13, 730),
(37, 13, 10611),
(38, 13, 262),
(39, 13, 11402),
(40, 13, 1918),
(41, 13, 5308),
(42, 13, 842),
(43, 13, 10116),
(44, 13, 1015),
(45, 13, 1504),
(46, 13, 808),
(47, 13, 6978),
(48, 13, 17015),
(49, 13, 7929),
(50, 13, 44364),
(51, 13, 1918),
(52, 13, 2028),
(53, 13, 2139),
(54, 13, 1512),
(55, 13, 10675),
(56, 13, 1015),
(57, 13, 1111),
(58, 13, 1022),
(59, 13, 626),
(60, 13, 692),
(61, 13, 6984),
(62, 13, 1471),
(63, 13, 4662),
(64, 13, 2891),
(65, 13, 1162),
(66, 13, 567),
(67, 13, 4483),
(68, 13, 254663),
(69, 13, 884),
(70, 13, 2484),
(71, 13, 3867),
(72, 13, 3068),
(73, 13, 53630),
(74, 13, 2892),
(75, 13, 24120),
(76, 13, 696),
(77, 13, 1011),
(78, 13, 4161),
(79, 13, 934),
(80, 13, 880),
(81, 13, 3650),
(82, 13, 4135),
(83, 13, 1543),
(84, 13, 795),
(85, 13, 1910),
(86, 13, 7026),
(87, 13, 935),
(88, 13, 3261),
(89, 13, 3675),
(90, 13, 641),
(91, 13, 2127),
(92, 13, 7675),
(1,  14, 19),
(2,  14, 7),
(3,  14, 2),
(4,  14, 2),
(5,  14, 1),
(6,  14, 14),
(7,  14, 7),
(8,  14, 13),
(9,  14, 4),
(10, 14, 0),
(11, 14, 20),
(12, 14, 0),
(13, 14, 34),
(14, 14, 10),
(15, 14, 14),
(16, 14, 2),
(17, 14, 5),
(18, 14, 7),
(19, 14, 4),
(20, 14, 3),
(21, 14, 2),
(22, 14, 3),
(23, 14, 0),
(24, 14, 0),
(25, 14, 19),
(26, 14, 15),
(27, 14, 22),
(28, 14, 2),
(29, 14, 3),
(30, 14, 3),
(31, 14, 8),
(32, 14, 9),
(33, 14, 18),
(34, 14, 4),
(35, 14, 6),
(36, 14, 11),
(37, 14, 3),
(38, 14, 2),
(39, 14, 24),
(40, 14, 7),
(41, 14, 4),
(42, 14, 13),
(43, 14, 6),
(44, 14, 10),
(45, 14, 18),
(46, 14, 4),
(47, 14, 6),
(48, 14, 4),
(49, 14, 12),
(50, 14, 13),
(51, 14, 11),
(52, 14, 4),
(53, 14, 4),
(54, 14, 1),
(55, 14, 11),
(56, 14, 0),
(57, 14, 1),
(58, 14, 9),
(59, 14, 0),
(60, 14, 1),
(61, 14, 8),
(62, 14, 0),
(63, 14, 2),
(64, 14, 7),
(65, 14, 18),
(66, 14, 1),
(67, 14, 2),
(68, 14, 21),
(69, 14, 7),
(70, 14, 17),
(71, 14, 4),
(72, 14, 6),
(73, 14, 2),
(74, 14, 18),
(75, 14, 3),
(76, 14, 3),
(77, 14, 14),
(78, 14, 9),
(79, 14, 6),
(80, 14, 2),
(81, 14, 4),
(82, 14, 5),
(83, 14, 3),
(84, 14, 1),
(85, 14, 5),
(86, 14, 5),
(87, 14, 4),
(88, 14, 4),
(89, 14, 11),
(90, 14, 9),
(91, 14, 14),
(92, 14, 49),
(1,  15, 223056),
(2,  15, 9866),
(3,  15, 30811),
(4,  15, 185),
(5,  15, 288),
(6,  15, 10887),
(7,  15, 55147),
(8,  15, 13783),
(9,  15, 449158),
(10, 15, 0),
(11, 15, 71435),
(12, 15, 0),
(13, 15, 37608),
(14, 15, 17301),
(15, 15, 154077),
(16, 15, 103),
(17, 15, 9709),
(18, 15, 16426),
(19, 15, 17083),
(20, 15, 379),
(21, 15, 0),
(22, 15, 9028),
(23, 15, 0),
(24, 15, 0),
(25, 15, 223500),
(26, 15, 46238),
(27, 15, 104736),
(28, 15, 23070),
(29, 15, 1251),
(30, 15, 28454),
(31, 15, 13043),
(32, 15, 14862),
(33, 15, 61162),
(34, 15, 7600),
(35, 15, 142098),
(36, 15, 9558),
(37, 15, 60254),
(38, 15, 799),
(39, 15, 19123),
(40, 15, 29311),
(41, 15, 50941),
(42, 15, 23688),
(43, 15, 250598),
(44, 15, 2909),
(45, 15, 67623),
(46, 15, 4304),
(47, 15, 1636),
(48, 15, 107),
(49, 15, 2185),
(50, 15, 1321350),
(51, 15, 9522),
(52, 15, 21161),
(53, 15, 5180),
(54, 15, 92),
(55, 15, 636593),
(56, 15, 0),
(57, 15, 10585),
(58, 15, 20453),
(59, 15, 0),
(60, 15, 205),
(61, 15, 151646),
(62, 15, 0),
(63, 15, 265),
(64, 15, 1959),
(65, 15, 2183),
(66, 15, 706),
(67, 15, 2667),
(68, 15, 1315721),
(69, 15, 17134),
(70, 15, 71950),
(71, 15, 1535),
(72, 15, 675),
(73, 15, 28337),
(74, 15, 9703),
(75, 15, 3008),
(76, 15, 328),
(77, 15, 2021),
(78, 15, 49898),
(79, 15, 245),
(80, 15, 8291),
(81, 15, 26288),
(82, 15, 80055),
(83, 15, 694),
(84, 15, 0),
(85, 15, 19314),
(86, 15, 182899),
(87, 15, 39),
(88, 15, 5491),
(89, 15, 1067),
(90, 15, 14303),
(91, 15, 101),
(92, 15, 10400),
(1,  16, 3812),
(2,  16, 709),
(3,  16, 0),
(4,  16, 54),
(5,  16, 139),
(6,  16, 6),
(7,  16, 746),
(8,  16, 3161),
(9,  16, 5862),
(10, 16, 0),
(11, 16, 7079),
(12, 16, 0),
(13, 16, 3310),
(14, 16, 1462),
(15, 16, 0),
(16, 16, 11),
(17, 16, 250),
(18, 16, 31),
(19, 16, 210),
(20, 16, 0),
(21, 16, 0),
(22, 16, 56),
(23, 16, 0),
(24, 16, 0),
(25, 16, 8110),
(26, 16, 5),
(27, 16, 5),
(28, 16, 0),
(29, 16, 57),
(30, 16, 198),
(31, 16, 1296),
(32, 16, 1),
(33, 16, 6333),
(34, 16, 0),
(35, 16, 8660),
(36, 16, 1690),
(37, 16, 0),
(38, 16, 26),
(39, 16, 354),
(40, 16, 81),
(41, 16, 12000),
(42, 16, 18),
(43, 16, 48092),
(44, 16, 54),
(45, 16, 2403),
(46, 16, 256),
(47, 16, 203),
(48, 16, 15),
(49, 16, 27),
(50, 16, 5165),
(51, 16, 44),
(52, 16, 7391),
(53, 16, 355),
(54, 16, 39),
(55, 16, 2257),
(56, 16, 0),
(57, 16, 35),
(58, 16, 60),
(59, 16, 0),
(60, 16, 0),
(61, 16, 2147),
(62, 16, 0),
(63, 16, 0),
(64, 16, 173),
(65, 16, 45),
(66, 16, 0),
(67, 16, 0),
(68, 16, 328),
(69, 16, 63),
(70, 16, 20534),
(71, 16, 7),
(72, 16, 0),
(73, 16, 5000),
(74, 16, 158),
(75, 16, 0),
(76, 16, 0),
(77, 16, 1642),
(78, 16, 1393),
(79, 16, 28),
(80, 16, 0),
(81, 16, 2250),
(82, 16, 235),
(83, 16, 5),
(84, 16, 0),
(85, 16, 592),
(86, 16, 125),
(87, 16, 7),
(88, 16, 121),
(89, 16, 227),
(90, 16, 154),
(91, 16, 0),
(92, 16, 244),
(1,  17, 25),
(2,  17, 3),
(3,  17, 3),
(4,  17, 1),
(5,  17, 3),
(6,  17, 0),
(7,  17, 10),
(8,  17, 1),
(9,  17, 55),
(10, 17, 0),
(11, 17, 7),
(12, 17, 0),
(13, 17, 0),
(14, 17, 0),
(15, 17, 0),
(16, 17, 0),
(17, 17, 4),
(18, 17, 1),
(19, 17, 2),
(20, 17, 0),
(21, 17, 0),
(22, 17, 6),
(23, 17, 0),
(24, 17, 0),
(25, 17, 17),
(26, 17, 0),
(27, 17, 0),
(28, 17, 0),
(29, 17, 1),
(30, 17, 3),
(31, 17, 4),
(32, 17, 8),
(33, 17, 47),
(34, 17, 0),
(35, 17, 1),
(36, 17, 2),
(37, 17, 0),
(38, 17, 0),
(39, 17, 7),
(40, 17, 4),
(41, 17, 9),
(42, 17, 3),
(43, 17, 15),
(44, 17, 7),
(45, 17, 16),
(46, 17, 2),
(47, 17, 5),
(48, 17, 0),
(49, 17, 0),
(50, 17, 2),
(51, 17, 10),
(52, 17, 6),
(53, 17, 15),
(54, 17, 1),
(55, 17, 7),
(56, 17, 0),
(57, 17, 0),
(58, 17, 14),
(59, 17, 0),
(60, 17, 1),
(61, 17, 79),
(62, 17, 0),
(63, 17, 0),
(64, 17, 5),
(65, 17, 5),
(66, 17, 0),
(67, 17, 0),
(68, 17, 6),
(69, 17, 0),
(70, 17, 22),
(71, 17, 1),
(72, 17, 0),
(73, 17, 4),
(74, 17, 6),
(75, 17, 0),
(76, 17, 0),
(77, 17, 5),
(78, 17, 28),
(79, 17, 0),
(80, 17, 0),
(81, 17, 6),
(82, 17, 32),
(83, 17, 8),
(84, 17, 0),
(85, 17, 0),
(86, 17, 10),
(87, 17, 0),
(88, 17, 2),
(89, 17, 0),
(90, 17, 3),
(91, 17, 0),
(92, 17, 0);